position,region,target_aa,sol_match,sol_total,sol_freq,insol_match,insol_total,insol_freq,odds_ratio,p_value,significant
2,FR1,V,8,8,1.0,10,10,1.0,,1.0,False
3,FR1,E,8,8,1.0,3,10,0.3,,0.003770739064856712,True
4,FR1,Q,8,8,1.0,10,10,1.0,,1.0,False
5,FR1,T,8,8,1.0,10,10,1.0,,1.0,False
6,FR1,P,8,8,1.0,10,10,1.0,,1.0,False
7,FR1,T,6,8,0.75,3,10,0.3,7.0,0.07671740024681203,False
8,FR1,T,8,8,1.0,10,10,1.0,,1.0,False
9,FR1,T,6,8,0.75,3,10,0.3,7.0,0.07671740024681203,False
10,FR1,T,8,8,1.0,10,10,1.0,,1.0,False
11,FR1,K,8,8,1.0,10,10,1.0,,1.0,False
12,FR1,E,8,8,1.0,10,10,1.0,,1.0,False
13,FR1,A,6,8,0.75,3,10,0.3,7.0,0.07671740024681203,False
14,FR1,G,8,8,1.0,10,10,1.0,,1.0,False
15,FR1,E,8,8,1.0,9,10,0.9,,0.5555555555555556,False
16,FR1,S,8,8,1.0,10,10,1.0,,1.0,False
17,FR1,L,8,8,1.0,10,10,1.0,,1.0,False
18,FR1,T,8,8,1.0,10,10,1.0,,1.0,False
19,FR1,I,7,8,0.875,10,10,1.0,0.0,1.0,False
20,FR1,N,8,8,1.0,10,10,1.0,,1.0,False
21,FR1,C,8,8,1.0,10,10,1.0,,1.0,False
22,CDR1,V,8,8,1.0,10,10,1.0,,1.0,False
23,CDR1,L,8,8,1.0,10,10,1.0,,1.0,False
25,CDR1,D,7,8,0.875,9,10,0.9,0.7777777777777778,0.8169934640522876,False
26,CDR1,S,8,8,1.0,3,10,0.3,,0.003770739064856712,True
29,CDR1,A,6,8,0.75,8,10,0.8,0.75,0.7941176470588235,False
30,CDR1,L,8,8,1.0,10,10,1.0,,1.0,False
33,CDR1,T,8,8,1.0,10,10,1.0,,1.0,False
34,CDR1,Y,6,8,0.75,7,10,0.7,1.2857142857142858,0.6176470588235294,False
35,FR2,W,8,8,1.0,10,10,1.0,,1.0,False
36,FR2,Y,8,8,1.0,10,10,1.0,,1.0,False
37,FR2,F,8,8,1.0,3,10,0.3,,0.003770739064856712,True
38,FR2,T,8,8,1.0,10,10,1.0,,1.0,False
39,FR2,K,8,8,1.0,10,10,1.0,,1.0,False
40,FR2,K,7,8,0.875,2,10,0.2,28.0,0.007610037021801729,True
41,FR2,G,8,8,1.0,3,10,0.3,,0.003770739064856712,True
42,FR2,A,6,8,0.75,10,10,1.0,0.0,1.0,False
43,FR2,T,6,8,0.75,8,10,0.8,0.75,0.7941176470588235,False
44,FR2,K,6,8,0.75,9,10,0.9,0.3333333333333333,0.9313725490196079,False
45,FR2,K,8,8,1.0,3,10,0.3,,0.003770739064856712,True
46,FR2,E,6,8,0.75,3,10,0.3,7.0,0.07671740024681203,False
47,FR2,S,6,8,0.75,2,10,0.2,12.0,0.030645824763471823,True
48,FR2,L,8,8,1.0,2,10,0.2,,0.0010283833813245578,True
49,FR2,S,8,8,1.0,9,10,0.9,,0.5555555555555556,False
50,HV2,N,6,8,0.75,2,10,0.2,12.0,0.030645824763471823,True
51,HV2,G,8,8,1.0,10,10,1.0,,1.0,False
52,HV2,G,8,8,1.0,10,10,1.0,,1.0,False
53,HV2,R,8,8,1.0,10,10,1.0,,1.0,False
54,HV2,Y,8,8,1.0,9,10,0.9,,0.5555555555555556,False
55,HV2,A,6,8,0.75,3,10,0.3,7.0,0.07671740024681203,False
56,HV2,E,6,8,0.75,10,10,1.0,0.0,1.0,False
57,FR3a,T,8,8,1.0,10,10,1.0,,1.0,False
58,FR3a,V,8,8,1.0,10,10,1.0,,1.0,False
59,FR3a,N,7,8,0.875,9,10,0.9,0.7777777777777778,0.8169934640522876,False
60,FR3a,K,6,8,0.75,10,10,1.0,0.0,1.0,False
61,FR3a,A,6,8,0.75,3,10,0.3,7.0,0.07671740024681203,False
62,FR3a,S,8,8,1.0,10,10,1.0,,1.0,False
63,FR3a,K,8,8,1.0,10,10,1.0,,1.0,False
64,FR3a,S,8,8,1.0,10,10,1.0,,1.0,False
65,FR3a,F,7,8,0.875,9,10,0.9,0.7777777777777778,0.8169934640522876,False
66,FR3a,S,8,8,1.0,10,10,1.0,,1.0,False
67,FR3a,L,8,8,1.0,10,10,1.0,,1.0,False
68,FR3a,R,7,8,0.875,10,10,1.0,0.0,1.0,False
69,HV4,I,8,8,1.0,2,10,0.2,,0.0010283833813245578,True
70,HV4,S,8,8,1.0,2,10,0.2,,0.0010283833813245578,True
71,HV4,D,8,8,1.0,10,10,1.0,,1.0,False
72,HV4,L,8,8,1.0,10,10,1.0,,1.0,False
73,HV4,R,8,8,1.0,10,10,1.0,,1.0,False
74,HV4,V,8,8,1.0,10,10,1.0,,1.0,False
75,HV4,E,8,8,1.0,10,10,1.0,,1.0,False
76,HV4,D,8,8,1.0,10,10,1.0,,1.0,False
77,FR3b,S,8,8,1.0,9,10,0.9,,0.5555555555555556,False
78,FR3b,G,8,8,1.0,10,10,1.0,,1.0,False
79,FR3b,T,8,8,1.0,3,10,0.3,,0.003770739064856712,True
80,FR3b,Y,8,8,1.0,10,10,1.0,,1.0,False
81,FR3b,H,6,8,0.75,10,10,1.0,0.0,1.0,False
82,FR3b,C,8,8,1.0,10,10,1.0,,1.0,False
84,CDR3,A,8,8,1.0,10,10,1.0,,1.0,False
97,CDR3,C,5,6,0.8333333333333334,10,10,1.0,0.0,1.0,False
109,CDR3,Y,6,8,0.75,8,9,0.8888888888888888,0.375,0.9176470588235294,False
111,CDR3,E,8,8,1.0,8,10,0.8,,0.2941176470588235,False
112,FR4,G,8,8,1.0,10,10,1.0,,1.0,False
114,FR4,G,8,8,1.0,10,10,1.0,,1.0,False
115,FR4,T,8,8,1.0,10,10,1.0,,1.0,False
116,FR4,I,8,8,1.0,3,10,0.3,,0.003770739064856712,True
117,FR4,L,6,8,0.75,10,10,1.0,0.0,1.0,False
118,FR4,T,8,8,1.0,3,10,0.3,,0.003770739064856712,True
