system,name,dG_PB_inp1,SD,SEM,dG_PB_inp2_old,old_window
HCG_VNAR,H98E,-97.38,12.89,1.29,5.7639,100
HCG_VNAR,I93T_M96Y,-121.59,12.28,1.23,4.0699,100
HCG_VNAR,I93V_M96S_D94T_E95S,-121.87,14.45,1.44,31.0617,100
HCG_VNAR,I93V_M96S_G84D_H98E,-128.30,10.88,1.09,-0.1165,100
HCG_VNAR,I93V_M96S_H98D,-36.49,5.67,0.57,1.7282,100
HCG_VNAR,I93V_M96S_Q86A_V87Q,-108.76,14.07,1.41,1.7842,100
HCG_VNAR,I93V_M96S_S85T,-21.55,8.12,0.81,-7.553,100
HCG_VNAR,I93V_M96S_S85V,-16.67,12.79,1.28,-0.5614,100
HCG_VNAR,I93V_M96S_S92Y,-32.42,9.12,0.91,3.4476,100
HCG_VNAR,I93V_M96S_T91R_H98E,-55.42,6.64,0.66,5.4884,100
HCG_VNAR,I93V_Q86A,-122.43,18.98,1.90,30.2212,100
HCG_VNAR,I93V_S85A,-81.82,9.15,0.91,32.1964,100
HCG_VNAR,I93V_S92Y,-53.99,9.80,0.98,1.4559,100
HCG_VNAR,I93V_Y97E,-51.95,7.54,0.75,13.3496,100
HCG_VNAR,M96S_S85A,-99.90,13.11,1.31,1.8183,100
HCG_VNAR,M96S_S85V,-134.80,12.53,1.25,13.9576,100
HCG_VNAR,WT_original,-129.34,11.33,1.13,18.4534,100
SH3_VNAR,C87S_C93Y_model,-59.17,7.82,0.78,65.2467,100
SH3_VNAR,C87Y_E96S_model,-61.54,7.62,0.76,10.9319,100
SH3_VNAR,C87Y_Y92D_model,-78.94,10.54,1.05,6.1968,100
SH3_VNAR,C93Y_Y94A_model,-60.17,9.98,1.00,16.2456,100
SH3_VNAR,D89S_C93Y_H95Y_model,-74.85,10.33,1.03,14.747,100
SH3_VNAR,D89S_G91D_model,-46.74,8.30,0.83,15.7689,100
SH3_VNAR,D89S_model,-64.95,11.70,1.17,5.8177,100
SH3_VNAR,E82A_C93Y_model,-47.91,8.02,0.80,20.1898,100
SH3_VNAR,E82L_E96R_model,-72.74,11.07,1.11,-2.4018,100
SH3_VNAR,E82L_E96V_model,-96.12,9.70,0.97,-5.6416,100
SH3_VNAR,E96V_model,-34.44,12.33,1.23,6.9317,100
SH3_VNAR,S85I_G91D_H95Y_model,-82.18,11.72,1.17,-6.8211,100
SH3_VNAR,S85I_G91D_model,-43.53,9.86,0.99,-4.3151,100
SH3_VNAR,S85I_model,-75.08,12.15,1.21,4.2407,100
SH3_VNAR,S85M_D89S_Y92D_H95Y_model,-78.88,14.56,1.46,-4.8317,100
SH3_VNAR,S85M_D89S_Y94T_model,-75.12,9.19,0.92,9.8935,100
SH3_VNAR,S85M_E96S_model,-63.69,8.05,0.81,20.3785,100
SH3_VNAR,S85M_E96V_model,-25.23,18.94,1.89,-0.2179,100
SH3_VNAR,S85M_G91D_Y94T_model,-125.46,15.82,1.58,16.7409,100
SH3_VNAR,S85M_S86G_model,-55.80,10.63,1.06,3.4689,100
SH3_VNAR,S85T_D89S_G91D_H95Y_model,-86.69,11.62,1.16,15.8514,100
SH3_VNAR,S85T_H95Y_model,-51.32,12.38,1.24,8.531,100
SH3_VNAR,S85T_Y92D_C93Y_H95Y_model,-57.71,9.01,0.90,1.2198,100
SH3_VNAR,S85T_model,-78.95,10.18,1.02,9.3706,100
SH3_VNAR,S86G_E96S_model,-99.01,11.62,1.16,14.2652,100
SH3_VNAR,S86G_G91S_model,-31.99,21.97,2.20,61.9863,100
SH3_VNAR,S86R_Y92D_model,-65.02,12.97,1.30,24.1031,100
SH3_VNAR,WT_original_model,-27.36,5.95,0.60,10.5296,100
SH3_VNAR,Y84A_S85T_model,-93.18,9.83,0.98,19.0211,100
SH3_VNAR,Y84A_S86G_model,-91.81,9.93,0.99,-1.7052,100
SH3_VNAR,Y84R_S85T_model,-60.88,11.67,1.17,8.3261,100